METHOD,,,,,,,,,,,,,
2D级联CNN,2D卷积神经网络,,,,,,,,,,,,
2D主成分分析,,,,,,,,,,,,,
3D残差稠密网络,,,,,,,,,,,,,
3D骨架化,,,,,,,,,,,,,
3D卷积,3D卷积神经网络,伪3D卷积网络,3D-CNN,3D卷积网络,3D卷积神经网络,,,,,,,,
3D深度残差网络,,,,,,,,,,,,,
3D时空地图,,,,,,,,,,,,,
3D手部骨架数据,,,,,,,,,,,,,
3D注意力,,,,,,,,,,,,,
A*算法,,,,,,,,,,,,,
ACNNC,,,,,,,,,,,,,
Adaboost,AdaBoost,,,,,,,,,,,,
ALBERT,Albert,,,,,,,,,,,,
AlexNet,,,,,,,,,,,,,
AS-PANet,,,,,,,,,,,,,
Attention,attention,注意力,注意力机制,注意力机制结合,注意力模型,注意力机制模型,注意力机制网络,注意力融合网络,注意力特征,注意力特征自适应校正,注意力网络,注意力掩码语言模型,注意力增强
Attention-BiLSTM,Attention-BiLSTM-LSTM,,,,,,,,,,,,
Attention-TCN,,,,,,,,,,,,,
ATT-IndRNN-CNN,,,,,,,,,,,,,
BART噪声器,,,,,,,,,,,,,
BEMD,BEMD分解,,,,,,,,,,,,
BERT,TinyBERT,,,,,,,,,,,,
BERTCA,,,,,,,,,,,,,
BERT-CNN,,,,,,,,,,,,,
BERT-PGN,,,,,,,,,,,,,
BERT-RCNN,,,,,,,,,,,,,
BERT-Single,,,,,,,,,,,,,
Beta分布,,,,,,,,,,,,,
BGRU-FUS-NN神经网络,,,,,,,,,,,,,
BiGRU,双向GRU,Bi-GRU并包含注意力机制,,,,,,,,,,,
BiGRU-RA,,,,,,,,,,,,,
BiLSTM,Bi-LSTM,双向LSTM,双向长短时记忆网络,双向长短期记忆网络,双向长短期记忆神经网络,,,,,,,,
BiLSTM-CNN,,,,,,,,,,,,,
BiLSTM-CRF,Bi-LSTM-CRF,Bi-LSTM-WCRF,,,,,,,,,,,
BSMOTE,,,,,,,,,,,,,
CapsNet,,,,,,,,,,,,,
CenterNet,CenterNet,,,,,,,,,,,,
CGAN,,,,,,,,,,,,,
CNN,卷积神经,卷积神经网络,卷积网络,卷积神经网络,八度卷积,混合神经网络模型,卷积,有效分解卷积,深度卷积,深度卷积神经网络,卷积深度网络,深度卷积网络,深度卷积神经
CNN-BiGRU,,,,,,,,,,,,,
CNN-CorrNet,,,,,,,,,,,,,
CNN-CTC,,,,,,,,,,,,,
Conformer GAN,,,,,,,,,,,,,
Conv-LSTM,,,,,,,,,,,,,
CPMs,,,,,,,,,,,,,
CRF,,,,,,,,,,,,,
CWHC-AM,,,,,,,,,,,,,
CycleGAN,,,,,,,,,,,,,
DAM,,,,,,,,,,,,,
Darknet,,,,,,,,,,,,,
Dark-YOLO,,,,,,,,,,,,,
DBSCAN聚类,,,,,,,,,,,,,
DCGAN,,,,,,,,,,,,,
DCNN,,,,,,,,,,,,,
DCT,,,,,,,,,,,,,
Deeplab,,,,,,,,,,,,,
DeepLab v3,DeepLabv3,,,,,,,,,,,,
Deeplab v3 plus,Deeplab v3+,DeepLabV3+,DeepLabv3+,DeepLabv3plus,,,,,,,,,
Deep-SORT,,,,,,,,,,,,,
DistillBIGRU,,,,,,,,,,,,,
DPCNN,,,,,,,,,,,,,
ECA,,,,,,,,,,,,,
ECPA,,,,,,,,,,,,,
Edge-guided GAN,,,,,,,,,,,,,
EfficientNet,,,,,,,,,,,,,
EfficientNetV2,,,,,,,,,,,,,
Elman,,,,,,,,,,,,,
ELMo,,,,,,,,,,,,,
EMD,EMD最小化双语词典,,,,,,,,,,,,
Encoder-Decoder,,,,,,,,,,,,,
ERNIE,,,,,,,,,,,,,
ERNIE+DPCNN+BiGRU,,,,,,,,,,,,,
ERNIE-BiGRU,,,,,,,,,,,,,
ERNIE-Gram,,,,,,,,,,,,,
ET-PHD滤波器,,,,,,,,,,,,,
EWC算法,,,,,,,,,,,,,
FastDTW,,,,,,,,,,,,,
Faster RCNN,Faster R-CNN,Faster-RCNN,,,,,,,,,,,
Fastformer,,,,,,,,,,,,,
Fast-SCNN,,,,,,,,,,,,,
FCNN,,,,,,,,,,,,,
GAN,,,,,,,,,,,,,
GAN对抗,,,,,,,,,,,,,
Gate-ResNet-D,,,,,,,,,,,,,
GCNN,,,,,,,,,,,,,
GF-MSRCR,,,,,,,,,,,,,
GhostNet,Ghost模块,,,,,,,,,,,,
GIF标记,,,,,,,,,,,,,
GMM,,,,,,,,,,,,,
GMS,,,,,,,,,,,,,
Graph Transformer,,,,,,,,,,,,,
GRU,,,,,,,,,,,,,
GVR,,,,,,,,,,,,,
Hilbert曲线,,,,,,,,,,,,,
HOG特征,,,,,,,,,,,,,
HowNet,,,,,,,,,,,,,
HRED,,,,,,,,,,,,,
HTM,,,,,,,,,,,,,
IFPN,,,,,,,,,,,,,
Inception-ResNet,,,,,,,,,,,,,
Inception-v3,,,,,,,,,,,,,
Inception网络,,,,,,,,,,,,,
IRCNet,,,,,,,,,,,,,
JCWA-DLSTM,,,,,,,,,,,,,
Kert,,,,,,,,,,,,,
KF-LSTM模型,,,,,,,,,,,,,
K-means全局信息聚类,K均值聚类,K-means,,,,,,,,,,,
Kruskal,,,,,,,,,,,,,
KSW,,,,,,,,,,,,,
K近邻算法,,,,,,,,,,,,,
L0优化,,,,,,,,,,,,,
LabGAN,,,,,,,,,,,,,
LDA,,,,,,,,,,,,,
LeNet-5,,,,,,,,,,,,,
LFSCA-UNet,,,,,,,,,,,,,
Lmser-in-Lmser双向网络,,,,,,,,,,,,,
LSTM,长短期记忆,长短期记忆神经网络,长短期记忆网络结合,长短时记忆单元,长短时记忆神经网络,长短时记忆网络,,,,,,,
MAFPN,,,,,,,,,,,,,
Mask R-CNN,,,,,,,,,,,,,
MIFNet,,,,,,,,,,,,,
MobieNetV2,MobileNet,,,,,,,,,,,,
Movidius,,,,,,,,,,,,,
MPNet,,,,,,,,,,,,,
Msmall-Patch,,,,,,,,,,,,,
Multi-GRU,,,,,,,,,,,,,
NSGA-Ⅱ,,,,,,,,,,,,,
NTS-Net,,,,,,,,,,,,,
Octave卷积,,,,,,,,,,,,,
one-class SVM,,,,,,,,,,,,,
OpenPose-slim,,,,,,,,,,,,,
PCA,主成分分析,,,,,,,,,,,,
PCFG,,,,,,,,,,,,,
PCNN,,,,,,,,,,,,,
Pix2Vox,,,,,,,,,,,,,
PointNet,,,,,,,,,,,,,
PP-YOLO,,,,,,,,,,,,,
PRBDN,,,,,,,,,,,,,
Pre-RoBERTa-MTL,,,,,,,,,,,,,
Prompt学习,,,,,,,,,,,,,
PSO,,,,,,,,,,,,,
PSO-SVM,,,,,,,,,,,,,
Q2SM,,,,,,,,,,,,,
QU-NNs,,,,,,,,,,,,,
RangeNet++,,,,,,,,,,,,,
RAVA,,,,,,,,,,,,,
ResNet,,,,,,,,,,,,,
ResNeXt,,,,,,,,,,,,,
RetinaNet,RetinaNet改进,,,,,,,,,,,,
Retinex-Net,Retinex理论,,,,,,,,,,,,
R-FCN,,,,,,,,,,,,,
RGB-D,,,,,,,,,,,,,
RGB-T,,,,,,,,,,,,,
RNN,,,,,,,,,,,,,
ROS,,,,,,,,,,,,,
RPN,RPN网络,RRT*算法,,,,,,,,,,,
Rule-BertAtten,,,,,,,,,,,,,
SAC算法,,,,,,,,,,,,,
Self-Attention,,,,,,,,,,,,,
seq2seq,编解码结构,编码和解码,序列到序列模型,,,,,,,,,,
SE-Res2Net,,,,,,,,,,,,,
ShuffaceNet,,,,,,,,,,,,,
SqueezeNet,,,,,,,,,,,,,
SSA-PointNet++,,,,,,,,,,,,,
SSD模型,SSD算法,,,,,,,,,,,,
SVM,支持向量机,支持向量机结合,,,,,,,,,,,
SVR-BiGRU-CRF,,,,,,,,,,,,,
TCLSTM,,,,,,,,,,,,,
TextRank,,,,,,,,,,,,,
TrAdaBoost,,,,,,,,,,,,,
Transformer,,,,,,,,,,,,,
Transformer-BiLSTM-CRF,,,,,,,,,,,,,
Transformer-CRF,,,,,,,,,,,,,
Uformer,,,,,,,,,,,,,
U-Net,U-Net改进模型,U-Net网络,,,,,,,,,,,
UNet++,,,,,,,,,,,,,
U-Net3+,,,,,,,,,,,,,
UV位置图,,,,,,,,,,,,,
U型全卷积网络,,,,,,,,,,,,,
U型特征金字塔网络,,,,,,,,,,,,,
U型网络,,,,,,,,,,,,,
VarifocalNet,,,,,,,,,,,,,
VCS+GC-RANSAC,,,,,,,,,,,,,
VGG-CapsNet,,,,,,,,,,,,,
VGGNet,,,,,,,,,,,,,
VGG网络,,,,,,,,,,,,,
Vision Transformer,,,,,,,,,,,,,
Word2Vec,Word2Vec模型,Word2Vec词嵌入,,,,,,,,,,,
WT-U-Net++,,,,,,,,,,,,,
W变换,,,,,,,,,,,,,
XGBoost,XGBoost算法,,,,,,,,,,,,
YOLO,,,,,,,,,,,,,
YOLO-G,,,,,,,,,,,,,
YOLO-tiny-RFB模型,,,,,,,,,,,,,
YOLOv2,SOLOv2,,,,,,,,,,,,
YOLOv3,YOLO v3,,,,,,,,,,,,
YOLOv4,Siamese-YOLOv4,,,,,,,,,,,,
YOLOv5,YOLOv5算法,YOLOv5s,YYOOLLOOvv 5,,,,,,,,,,
Zero-DCE,,,,,,,,,,,,,
白平衡技术,,,,,,,,,,,,,
半监督,半监督学习,,,,,,,,,,,,
半监督K-means,,,,,,,,,,,,,
半监督对抗学习,,,,,,,,,,,,,
半监督模糊C均值算法,,,,,,,,,,,,,
半耦合卷积稀疏编码,,,,,,,,,,,,,
半知识蒸馏,,,,,,,,,,,,,
贝叶斯,贝叶斯估计,贝叶斯网络,,,,,,,,,,,
本体特征,,,,,,,,,,,,,
笔画语义,,,,,,,,,,,,,
边界增强,,,,,,,,,,,,,
边特征,,,,,,,,,,,,,
边缘感知,,,,,,,,,,,,,
边缘融合,,,,,,,,,,,,,
边缘特征,,,,,,,,,,,,,
边缘学习,,,贝叶斯优化策略,,,,,,,,,,
边缘重建,,,,,,,,,,,,,
变分贝叶斯近似,,,,,,,,,,,,,
变分模态分解,,,,,,,,,,,,,
变分自编码器,变分自编码网络,,,,,,,,,,,,
变精度覆盖粗糙集,,,,,,,,,,,,,
变维卷积神经网络,,,,,,,,,,,,,
变形函数,,,,,,,,,,,,,
标签依赖知识,,,,,,,,,,,,,
标签优化,,,,,,,,,,,,,
标签语义注意力,,,编码解码结构,,,,,,,,,,
表情AU参数,,,,,,,,,,,,,
并联卷积,,,,,,,,,,,,,
并行对抗,,,,,,,,,,,,,
并行混合网络,并行混合神经网络模型,并行卷积神经,,,,,,,,,,,
并行通道-空间注意力机制,,,,,,,,,,,,,
波束形成,,,,,,,,,,,,,
不可分提升小波,,,,,,,,,,,,,
部分标签数据,,,,,,,,,,,,,
裁剪机制,,,,,,,,,,,,,
参数自适应,,,,,,,,,,,,,
残差编解码器,,,,,,,,,,,,,
残差反馈,,,,,,,,,,,,,
残差记忆网络,,,,,,,,,,,,,
残差卷积网络,残差卷积自编码网络,,,,,,,,,,,,
残差决策,,,,,,,,,,,,,
残差连接,,,,,,,,,,,,,
残差连接长短期记忆网络,,,,,,,,,,,,,
残差密集空间金字塔网络,残差模块,残差神经网络,,,,,,,,,,,
残差密集块自注意力机制,,,,,,,,,,,,,
残差密集注意力网络,,,,,,,,,,,,,
残差时域注意力神经网络,,,,,,,,,,,,,
残差收缩网络,,,,,,,,,,,,,
残差通道注意机制,,,,,,,,,,,,,
残差图卷积神经网络,,,,,,,,,,,,,
残差网络,残差结构,残差,,,,,,,,,,,
残差修正,,,,,,,,,,,,,
残差学习,,,,,,,,,,,,,
残差优化,,,,,,,,,,,,,
残差注意力机制,,,,,,,,,,,,,
侧链连接卷积神经网络,,,,,,,,,,,,,
测地回归模型,,,,,,,,,,,,,
层次混合注意力机制,,,,,,,,,,,,,
层次结构感知,,,,,,,,,,,,,
层次聚类,,,,,,,,,,,,,
层次特征,,,,,,,,,,,,,
层次异构图注意力网络,,,,,,,,,,,,,
层次注意力机制,,,,,,,,,,,,,
层次注意力机制神经网络模型,,,,,,,,,,,,,
层动态贝叶斯网络,,,,,,,,,,,,,
层级多任务BERT,,,,,,,,,,,,,
层级篇章表示,,,,,,,,,,,,,
层级图结构,,,,,,,,,,,,,
层级循环神经网络,,,,,,,,,,,,,
层级注意力机制,层级注意力模型,,,,,,,,,,,,
差分图像,,,,,,,,,,,,,
差分隐私,,,,,,,,,,,,,
差分注意力,,,,,,,,,,,,,
差异双分支编码器,,,,,,,,,,,,,
差异性累积,,,,,,,,,,,,,
差值神经网络算法,,,,,,,,,,,,,
超度量轮廓图,,,,,,,,,,,,,
超分辨率网络,,,,,,,,,,,,,
超列注意力机制,,,,,,,,,,,,,
超声图像语义分割,,,,,,,,,,,,,
超限学习机,,,,,,,,,,,,,
超像素快速模糊C均值聚类,,,,,,,,,,,,,
成对编码方案,,,,,,,,,,,,,
池化网络,,,,,,,,,,,,,
尺度降维,,,,,,,,,,,,,
尺度注意力网络,,,,,,,,,,,,,
抽象事理图谱,,,,,,,,,,,,,
稠密卷积神经网络,,,,,,,,,,,,,
稠密特征映射,,,,,,,,,,,,,
传递注意力机制,,,,,,,,,,,,,
串联空洞卷积神经网络,,,,,,,,,,,,,
词嵌入,,,,,,,,,,,,,
词向量对齐,,,,,,,,,,,,,
词性软模板注意力机制,,,,,,,,,,,,,
代表性答案选择,,,,,,,,,,,,,
单标签射频识别,,,,,,,,,,,,,
单词等级,,,,,,,,,,,,,
单模态自监督,,,,,,,,,,,,,
单语语料,,,,,,,,,,,,,
倒N型轻量化网络,,,,,,,,,,,,,
倒置特征金字塔,,,,,,,,,,,,,
低通滤波模型,,,,,,,,,,,,,
低秩稀疏分解优化,,,,,,,,,,,,,
递归残差网络,,,,,,,,,,,,,
递归多尺度卷积网络,,,,,,,,,,,,,
点云补全,,,,,,,,,,,,,
迭代反馈,,,,,,,,,,,,,
迭代式回译策略,,,,,,,,,,,,,
迭代学习,,,,,,,,,,,,,
顶点偏移,,,,,,,,,,,,,
定向扰动,,,,,,,,,,,,,
动态多尺度空洞卷积,,,,,,,,,,,,,
动态多任务平衡方法,,,,,,,,,,,,,
动态权重代价函数,,,,,,,,,,,,,
动态双注意力机制,,,,,,,,,,,,,
动态图卷积,,,,,,,,,,,,,
动态注意力,,,,,,,,,,,,,
独立循环神经网络,,,,,,,,,,,,,
端到端对抗变分贝叶斯,,,,,,,,,,,,,
对比学习,,,,,,,,,,,,,
对称型编解码器,,,,,,,,,,,,,
对话约束,,,,,,,,,,,,,
对抗哈希注意力网络,,,,,,,,,,,,,
对抗式分布对齐,,,,,,,,,,,,,
对抗式扩张卷积,,,,,,,,,,,,,
对抗投影学习,,,,,,,,,,,,,
对抗图卷积,,,,,,,,,,,,,
对抗网络,对抗学习,,,,,,,,,,,,
对抗自编码器,,,,,,,,,,,,,
对齐网络,,,,,,,,,,,,,
多步神经网络,,,,,,,,,,,,,
多残差UNet,,,,,,,,,,,,,
多残差联合学习,,,,,,,,,,,,,
多残差网络,,,,,,,,,,,,,
多层次空间注意力,,,,,,,,,,,,,
多层次注意力,,,,,,,,,,,,,
多层卷积神经网络特征,,,,,,,,,,,,,
多尺度HOG特征,,,,,,,,,,,,,
多尺度残差UNet,,,,,,,,,,,,,
多尺度残差注意力,,,,,,,,,,,,,
多尺度分解,多尺度分析,,,,,,,,,,,,
多尺度核特征卷积神经网络,,,,,,,,,,,,,
多尺度核自适应滤波,,,,,,,,,,,,,
多尺度卷积,多尺度卷积神经网络,,,,,,,,,,,,
多尺度空谱融合注意力机制,,,,,,,,,,,,,
多尺度快速非局部平均滤波,,,,,,,,,,,,,
多尺度融合网络,,,,,,,,,,,,,
多尺度生成对抗网络,,,,,,,,,,,,,
多尺度双线性卷积神经网络,,,,,,,,,,,,,
多尺度特征,多尺度特征融合,,,,,,,,,,,,
多尺度梯度域引导滤波,,,,,,,,,,,,,
多尺度体素,,,,,,,,,,,,,
多尺度跳跃深度长短期记忆网络,,,,,,,,,,,,,
多尺度知识学习,,,,,,,,,,,,,
多尺度注意力机制,,,,,,,,,,,,,
多尺度自注意卷积,,,,,,,,,,,,,
多分辨Transformer,,,,,,,,,,,,,
多分辨率生成对抗网络,,,,,,,,,,,,,
多分支并行空洞卷积,,,,,,,,,,,,,
多分支混合注意力,,,,,,,,,,,,,
多分支神经网络,,,,,,,,,,,,,
多分支神经网络模型,,,,,,,,,,,,,
多分支协作,,,,,,,,,,,,,
多峰标签分布学习,,,,,,,,,,,,,
多关系循环事件,,,,,,,,,,,,,
多核增强学习,,,,,,,,,,,,,
多级多分辨网络,,,,,,,,,,,,,
多角度匹配,,,,,,,,,,,,,
多阶段生成对抗网络,,,,,,,,,,,,,
多空间混合注意力,,,,,,,,,,,,,
多类型特征网络,,,,,,,,,,,,,
多类型注意力,,,,,,,,,,,,,
多粒度特征生成对抗网络,,,,,,,,,,,,,
多路径U-Net,,,,,,,,,,,,,
多模态深度游走,,,,,,,,,,,,,
多模态图,,,,,,,,,,,,,
多模态异质动态融合,,,,,,,,,,,,,
多模态自适应卷积,,,,,,,,,,,,,
多谱注意力高分辨率网络,,,,,,,,,,,,,
多任务对抗,,,,,,,,,,,,,
多任务双向长短时记忆,,,,,,,,,,,,,
多任务学习,多任务特征学习,,,,,,,,,,,,
多任务预训练,,,,,,,,,,,,,
多时间尺度,,,,,,,,,,,,,
多时期蒸馏网络,,,,,,,,,,,,,
多视角多监督网络,,,,,,,,,,,,,
多视角注意力机制,,,,,,,,,,,,,
多视图半监督学习,,,,,,,,,,,,,
多特征融合,多特征降维,,,,,,,,,,,,
多特征注意力循环网络,,,,,,,,,,,,,
多条件融合,,,,,,,,,,,,,
多通道BERT,,,,,,,,,,,,,
多通道Bi-GRU,,,,,,,,,,,,,
多通道病理图像分割,,,,,,,,,,,,,
多通道卷积,,,,,,,,,,,,,
多通道双向长短期记忆,,,,,,,,,,,,,
多通道图像深度学习,,,,,,,,,,,,,
多通道注意力,多通道注意力机制,,,,,,,,,,,,
多头软注意力图卷积网络,,,,,,,,,,,,,
多头注意力,多头注意力机制,多头注意力记忆网络,多头注意力机制Tree-LSTM,多重注意力机制,,,,,,,,,
多头自注意力,多头自注意力机制,多维自注意力机制,,,,,,,,,,,
多图神经网络,,,,,,,,,,,,,
多网络联合训练,,,,,,,,,,,,,
多相似性度量,,,,,,,,,,,,,
多语义融合,,,,,,,,,,,,,
多域卷积神经网络,,,,,,,,,,,,,
多阈值软切分,,,,,,,,,,,,,
多源知识图谱融合,,,,,,,,,,,,,
多支路残差深度网络,,,,,,,,,,,,,
多种群粒子群,,,,,,,,,,,,,
多重孪生网络,,,,,,,,,,,,,
多注意力机制,,,,,,,,,,,,,
二次关键点匹配,,,,,,,,,,,,,
二阶变分模型,,,,,,,,,,,,,
二阶优化,,,,,,,,,,,,,
二元序列标注,,,,,,,,,,,,,
反向投影,,,,,,,,,,,,,
反转注意力网络,,,,,,,,,,,,,
非参数贝叶斯,,,,,,,,,,,,,
非对称孪生网络,,,,,,,,,,,,,
非对称内核卷积,,,,,,,,,,,,,
非对称特征注意力,,,,,,,,,,,,,
非负矩阵分解,,,,,,,,,,,,,
非局部低秩先验,,,,,,,,,,,,,
非局部高分辨率网络,,,,,,,,,,,,,
非局部均值约束,,,,,,,,,,,,,
非局部通道注意力机制,,,,,,,,,,,,,
非局部张量火车分解,,,,,,,,,,,,,
非凸全变差正则,,,,,,,,,,,,,
非线性薛定谔方程,,,,,,,,,,,,,
非线性增强,,,,,,,,,,,,,
非自回归方法,,,,,,,,,,,,,
分层残差网络,,,,,,,,,,,,,
分层学习,,,,,,,,,,,,,
分层注意力,,,,,,,,,,,,,
分段卷积,分段卷积神经网络,,,,,,,,,,,,
分段频域,,,,,,,,,,,,,
分块注意力机制,分段注意力匹配网络,,,,,,,,,,,,
分类卷积神经网络,,,,,,,,,,,,,
分类器学习,,,,,,,,,,,,,
分裂倒残差,,,,,,,,,,,,,
分时图卷积,,,,,,,,,,,,,
分数阶傅里叶变换,,,,,,,,,,,,,
分数阶网络,,,,,,,,,,,,,
分支空洞卷积神经网络,,,,,,,,,,,,,
分组卷积,,,,,,,,,,,,,
分组注意力模块,,,,,,,,,,,,,
峰值帧光流,,,,,,,,,,,,,
负训练,,,,,,,,,,,,,
复数小波,,,,,,,,,,,,,
概率分布,,,,,,,,,,,,,
概率矩阵分解,,,,,,,,,,,,,
概率图模型,深度概率图模型,,,,,,,,,,,,
感知边缘约束,,,,,,,,,,,,,
感知哈希算法,,,,,,,,,,,,,
感知去模糊,,,,,,,,,,,,,
高分辨率网络,,,,,,,,,,,,,
高阶条件随机场,,,,,,,,,,,,,
高斯Copula,,,,,,,,,,,,,
高斯采样,,,,,,,,,,,,,
高斯差分特征网络,,,,,,,,,,,,,
高斯混合模型,,,,,,,,,,,,,
鸽群,,,,,,,,,,,,,
共生生物搜索算法,,,,,,,,,,,,,
关键词注意机制,,,,,,,,,,,,,
关键点表示,,,,,,,,,,,,,
关键体词抽取,,,,,,,,,,,,,
关联性语义多模态主题模型,,,,,,,,,,,,,
关系嵌入,,,,,,,,,,,,,
关系图,关系网络,,,,,,,,,,,,
关系图卷积网络,,,,,,,,,,,,,
关系自适应解码,,,,,,,,,,,,,
光流特征,,,,,,,,,,,,,
广义Ricci曲率,,,,,,,,,,,,,
规则,规则相结合,,,,,,,,,,,,
轨迹时空词向量,,,,,,,,,,,,,
滚动调度,,,,,,,,,,,,,
哈希特征,,,,,,,,,,,,,
哈希自注意力端到端网络,,,,,,,,,,,,,
汉明嵌入哈希,深度汉明嵌入哈希,,,,,,,,,,,,
核极限学习机,,,,,,,,,,,,,
宏观语义表示,,,,,,,,,,,,,
弧筛选,,,,,,,,,,,,,
互补注意力,,,,,,,,,,,,,
滑动窗口,,,,,,,,,,,,,
环注意力网络,,,,,,,,,,,,,
灰度共生矩阵,,,,,,,,,,,,,
灰度共生矩阵相似图,,,,,,,,,,,,,
灰度矩阵,,,,,,,,,,,,,
灰度梯度共生矩阵,,,,,,,,,,,,,
混沌麻雀搜索算法,,,,,,,,,,,,,
混沌鸟群算法,,,,,,,,,,,,,
混合表示,,,,,,,,,,,,,
混合策略,,,,,,,,,,,,,
混合多头注意力,,,,,,,,,,,,,
混合卷积模型,深度混合卷积模型,混合卷积神经网络,混合卷积网络,混合深度卷积网络,,,,,,,,,
混合神经网络,,,,,,,,,,,,,
混合注意力,混合注意力机制,混合注意力模型,混合域注意力,,,,,,,,,,
混淆集知识,,,,,,,,,,,,,
机器视觉,,,,,,,,,,,,,
级联U-Net,,,,,,,,,,,,,
级联结构,,,,,,,,,,,,,
级联卷积神经网络,,,,,,,,,,,,,
级联孪生密集网络,,,,,,,,,,,,,
级联全卷积神经网络,,,,,,,,,,,,,
级联神经网络,,,,,,,,,,,,,
级联神经网络,深度级联神经网络,,,,,,,,,,,,
级联生成对抗网络,,,,,,,,,,,,,
级联优化CNN,,,,,,,,,,,,,
极限梯度提升,,,,,,,,,,,,,
极限学习机,,,,,,,,,,,,,
集成LightGBM,,,,,,,,,,,,,
集成超限学习机,,,,,,,,,,,,,
集成学习,深度集成,集成模型,深度集成模型,集成,,,,,,,,,
集合编码,,,,,,,,,,,,,
记忆网络,,,,,,,,,,,,,
记忆循环神经网络,,,,,,,,,,,,,
加权贝叶斯,,,,,,,,,,,,,
加权层级注意力机制,,,,,,,,,,,,,
加速残差网络,,,,,,,,,,,,,
检索结果融合机制,,,,,,,,,,,,,
降噪卷积神经网络,,,,,,,,,,,,,
交互融合网络,深度交互融合网络,,,,,,,,,,,,
交互位置关系,,,,,,,,,,,,,
交互注意力,交叉注意力机制,,,,,,,,,,,,
交互自注意力,,,,,,,,,,,,,
交通场景语义分割,,,,,,,,,,,,,
胶囊网络,胶囊特征,,,,,,,,,,,,
节点关联,,,,,,,,,,,,,
结构化表示,,,,,,,,,,,,,
结构化遮挡编码,,,,,,,,,,,,,
解耦头,,,,,,,,,,,,,
金字塔分割注意力网络,,,,,,,,,,,,,
金字塔结构,,,,,,,,,,,,,
金字塔卷积,,,,,,,,,,,,,
金字塔空间注意力,,,,,,,,,,,,,
金字塔融合,,,,,,,,,,,,,
金字塔网络,,,,,,,,,,,,,
紧耦合时空双流卷积神经网络,,,,,,,,,,,,,
近似U型网络结构,,,,,,,,,,,,,
经验分布,,,,,,,,,,,,,
经验模态分解,,,,,,,,,,,,,
经验模态分解,,,,,,,,,,,,,
精细化残差U-Net,,,,,,,,,,,,,
鲸鱼优化算法,,,,,,,,,,,,,
鲸鱼优化算法,,,,,,,,,,,,,
径向变换,,,,,,,,,,,,,
局部异质协同双路网络,,,,,,,,,,,,,
局部注意力,,,,,,,,,,,,,
矩阵分解,,,,,,,,,,,,,
矩阵优化,,,,,,,,,,,,,
句法规则,,,,,,,,,,,,,
句法树,,,,,,,,,,,,,
句法指导,,,,,,,,,,,,,
句级别GAN,,,,,,,,,,,,,
距离分解,深度距离分解,,,,,,,,,,,,
聚集残差生成对抗网络,,,,,,,,,,,,,
聚类关联网络,,,,,,,,,,,,,
卷积编解码器,,,,,,,,,,,,,
卷积核金字塔,,,,,,,,,,,,,
卷积回归网络,,,,,,,,,,,,,
卷积金字塔,,,,,,,,,,,,,
卷积块注意力,,,,,,,,,,,,,
卷积生成对抗网络,深度卷积生成对抗网络,,,,,,,,,,,,
卷积-双向长短期记忆模型,,,,,,,,,,,,,
卷积特征金字塔,,,,,,,,,,,,,
卷积稀疏,,,,,,,,,,,,,
卷积稀疏编码,,,,,,,,,,,,,
卷积循环神经,,,,,,,,,,,,,
卷积长短期记忆网络,深度卷积长短期记忆网络,卷积长短时神经网络,深度卷积长短时神经网络,,,,,,,,,,
卷积注意力机制,卷积注意力模块,,,,,,,,,,,,
均等采样随机擦除,,,,,,,,,,,,,
卡方距离,,,,,,,,,,,,,
抗噪对抗学习,,,,,,,,,,,,,
可变形卷积,,,,,,,,,,,,,
可变形卷积U-Net,,,,,,,,,,,,,
可分离金字塔,,,,,,,,,,,,,
可分离卷积,深度可分离卷积,可分离卷积,可分离卷积多神经网络,深度可分离卷积多神经网络,,,,,,,,,
可微神经计算机,,,,,,,,,,,,,
空洞卷积,空洞卷积神经网络,,,,,,,,,,,,
空洞空间金字塔池化,,,,,,,,,,,,,
空间金字塔,,,,,,,,,,,,,
空间金字塔池化,,,,,,,,,,,,,
空间局部滤波,,,,,,,,,,,,,
空间深度卷积,,,,,,,,,,,,,
空间注意力,空间注意力机制,空注意力机制,,,,,,,,,,,
空间注意力下边缘图融合,,,,,,,,,,,,,
空间坐标系旋转,,,,,,,,,,,,,
跨阶段深度学习,,,,,,,,,,,,,
跨模态交叉融合注意网络,,,,,,,,,,,,,
跨模态特征融合,,,,,,,,,,,,,
跨模态注意力块,,,,,,,,,,,,,
跨语言数据增强,,,,,,,,,,,,,
宽残差网络,,,,,,,,,,,,,
困难样本三元组损失,,,,,,,,,,,,,
扩展总变差正则项,,,,,,,,,,,,,
扩张卷积,,,,,,,,,,,,,
拉普拉斯算子,,,,,,,,,,,,,
蓝噪声采样,,,,,,,,,,,,,
雷达目标检测,,,,,,,,,,,,,
雷达图像,,,,,,,,,,,,,
累积分布函数,,,,,,,,,,,,,
离散哈特莱转换差异性池化,,,,,,,,,,,,,
离散灰狼算法,,,,,,,,,,,,,
离子运动-人工蜂群算法,,,,,,,,,,,,,
粒子群优化算法,,,,,,,,,,,,,
连续卷积算子,,,,,,,,,,,,,
连续型HMM,,,,,,,,,,,,,
联邦学习,联邦增量学习,,,,,,,,,,,,
联合标注,,,,,,,,,,,,,
联合神经网络,,,,,,,,,,,,,
联合损失胶囊网络,,,,,,,,,,,,,
联合特征映射,,,,,,,,,,,,,
联合学习,,,,,,,,,,,,,
联合注意力机制,,,,,,,,,,,,,
两段高速网络,,,,,,,,,,,,,
两阶段特征提取策略,,,,,,,,,,,,,
量子生成对抗网络,,,,,,,,,,,,,
列率截断,,,,,,,,,,,,,
邻域方差,,,,,,,,,,,,,
流形正则化,,,,,,,,,,,,,
路径增强网络,,,,,,,,,,,,,
孪生BiLSTM,,,,,,,,,,,,,
孪生检测网络,,,,,,,,,,,,,
孪生区域候选网络,,,,,,,,,,,,,
孪生网络,,,,,,,,,,,,,
孪生自适应图卷积算法,,,,,,,,,,,,,
螺旋注意力网络,,,,,,,,,,,,,
滤波增强,,,,,,,,,,,,,
马尔可夫随机场,,,,,,,,,,,,,
门控多任务学习,,,,,,,,,,,,,
门控化上下文感知网络,,,,,,,,,,,,,
门控机制,,,,,,,,,,,,,
门控记忆网络,,,,,,,,,,,,,
门控卷积,,,,,,,,,,,,,
门控联合池化自编码器,,,,,,,,,,,,,
门控循环单元,门控循环单元网络,门控循环单元组合,门循环单元,,,,,,,,,,
门控轴向自注意力,,,,,,,,,,,,,
蒙特卡罗树搜索,,,,,,,,,,,,,
密度峰值聚类,,,,,,,,,,,,,
密集Inception,,,,,,,,,,,,,
密集残差块,,,,,,,,,,,,,
密集残差融合,,,,,,,,,,,,,
密集空洞卷积,,,,,,,,,,,,,
密集连接卷积,密集连接卷积神经网络,,,,,,,,,,,,
密集连接块,,,,,,,,,,,,,
密集连接块U-Net,,,,,,,,,,,,,
密集神经网络,,,,,,,,,,,,,
密集网络,,,,,,,,,,,,,
密令位置信息特征,,,,,,,,,,,,,
幂函数权重,,,,,,,,,,,,,
面部运动单元,,,,,,,,,,,,,
描述生成,,,,,,,,,,,,,
描述约束,,,,,,,,,,,,,
模糊C均值,,,,,,,,,,,,,
模型集成,,,,,,,,,,,,,
目标检测,,,,,,,,,,,,,
纳什均衡策略,,,,,,,,,,,,,
膨胀卷积,,,,,,,,,,,,,
膨胀卷积神经网络,,,,,,,,,,,,,
匹配策略,,,,,,,,,,,,,
匹配长短时记忆网络,,,,,,,,,,,,,
偏差校准因子,,,,,,,,,,,,,
偏旁部首知识表示学习,,,,,,,,,,,,,
篇章结构,,,,,,,,,,,,,
篇章结构图网络,,,,,,,,,,,,,
拼音约束联合学习,,,,,,,,,,,,,
频谱增强,,,,,,,,,,,,,
频域多尺度分析,,,,,,,,,,,,,
频域注意力机制,,,,,,,,,,,,,
平移关系嵌入,,,,,,,,,,,,,
启发式采样,,,,,,,,,,,,,
迁移成分分析,,,,,,,,,,,,,
迁移孪生非负矩阵分解,,,,,,,,,,,,,
迁移学习,,,,,,,,,,,,,
迁移学习,深度迁移学习,,,,,,,,,,,,
嵌入色彩,,,,,,,,,,,,,
嵌入式Jetson TX2,,,,,,,,,,,,,
强化迭代学习,,,,,,,,,,,,,
强化关联,,,,,,,,,,,,,
强化学习,,,,,,,,,,,,,
强化学习,深度强化学习,,,,,,,,,,,,
轻量级卷积网络,,,,,,,,,,,,,
轻量级网络,,,,,,,,,,,,,
轻量密集神经网络,,,,,,,,,,,,,
轻量自动残差缩放网络,,,,,,,,,,,,,
情感词典,,,,,,,,,,,,,
情感倾向点互信息算法,,,,,,,,,,,,,
情感融合,,,,,,,,,,,,,
区域划分遍历,,,,,,,,,,,,,
区域检测,,,,,,,,,,,,,
区域判别,,,,,,,,,,,,,
权重量化,,,,,,,,,,,,,
全变分模型,,,,,,,,,,,,,
全局时间特征池化,,,,,,,,,,,,,
全局推理,,,,,,,,,,,,,
全卷积,全卷积神经网络,全卷积网络,,,,,,,,,,,
全卷积孪生网络,,,,,,,,,,,,,
全模态自编码器,,,,,,,,,,,,,
人工蜂群,,,,,,,,,,,,,
人工欠曝光融合,,,,,,,,,,,,,
人工势场法,,,,,,,,,,,,,
人体骨骼关键点,人体骨架,人体骨架特征编码,,,,,,,,,,,
人体关节点数据,,,,,,,,,,,,,
人体模型约束,,,,,,,,,,,,,
融合关系学习网络,,,,,,,,,,,,,
融合通道注意力,,,,,,,,,,,,,
冗余点过滤,,,,,,,,,,,,,
弱标注数据,,,,,,,,,,,,,
弱监督对抗训练,,,,,,,,,,,,,
弱监督学习,,,,,,,,,,,,,
三阶段生成网络,,,,,,,,,,,,,
三元组网络,,,,,,,,,,,,,
三支决策,,,,,,,,,,,,,
三重交互关注网络,,,,,,,,,,,,,
上下文词向量,,,,,,,,,,,,,
上下文聚合网络,,,,,,,,,,,,,
上下文信息,,,,,,,,,,,,,
上下文语言模型,,,,,,,,,,,,,
上下文注意力,,,,,,,,,,,,,
社交生成对抗,,,,,,,,,,,,,
社区注意力机制,,,,,,,,,,,,,
深层残差3D-CNN,,,,,,,,,,,,,
深度LightGBM集成学习模型,,,,,,,,,,,,,
深度Q网络,深度Q学习,,,,,,,,,,,,
深度残差,深度残差网络,,,,,,,,,,,,
深度残差U-Net,,,,,,,,,,,,,
深度度量学习,,,,,,,,,,,,,
深度对比网络,,,,,,,,,,,,,
深度多视图特征距离学习,,,,,,,,,,,,,
深度二值卷积网络,,,,,,,,,,,,,
深度自编码,,,,,,,,,,,,,
神经协同过滤,,,,,,,,,,,,,
神经张量分解,,,,,,,,,,,,,
神经主题模型,,,,,,,,,,,,,
神经自回归分布估计,,,,,,,,,,,,,
生成对抗,生成对抗模型,生成对抗机制,,,,,,,,,,,
生成式-判别式混合模型,,,,,,,,,,,,,
声学音素向量,,,,,,,,,,,,,
失焦模糊特性,,,,,,,,,,,,,
时间卷积注意力神经网络,,,,,,,,,,,,,
时间序列分解,,,,,,,,,,,,,
时间注意力机制,,,,,,,,,,,,,
时空Q网络,深度时空Q网络,,,,,,,,,,,,
时空残差卷积神经网络,深度时空残差卷积神经网络,,,,,,,,,,,,
时空残差卷积神经网络,,,,,,,,,,,,,
时空超关系图卷积网络,,,,,,,,,,,,,
时空感知GRU,,,,,,,,,,,,,
时空节点选择,,,,,,,,,,,,,
时空上下文信息增强,,,,,,,,,,,,,
时空生成对抗网络,,,,,,,,,,,,,
时空特征,,,,,,,,,,,,,
时空图卷积,时空图卷积网络,,,,,,,,,,,,
时空网络,,,,,,,,,,,,,
时空序列,,,,,,,,,,,,,
时空正则化,,,,,,,,,,,,,
时空注意力,,,,,,,,,,,,,
时空注意力图卷积网络模型,,,,,,,,,,,,,
时频联合损失函数,,,生成对抗双网络,生成对抗网络,生成对抗学习,生成式对抗网络,,,,,,,
时序超图卷积神经网络,,,,,,,,,,,,,
时序分段网络,,,,,,,,,,,,,
时序卷积网络,,,,,,,,,,,,,
时序特征,,,,,,,,,,,,,
时序注意力,,,,,,,,,,,,,
时域信号特征,,,,,,,,,,,,,
实例增强,,,,,,,,,,,,,
实体画像增强网络,,,,,,,,,,,,,
实体语义扩展,,,,,,,,,,,,,
实体注意力,,,,,,,,,,,,,
事件演化图,,,,,,,,,,,,,
视觉特征,,,,,,,,,,,,,
视觉-语义中间综合属性特征,,,,,,,,,,,,,
视觉注意机制,,,,,,,,,,,,,
视觉注意力网络,,,,,,,,,,,,,
视觉注意神经网络,深度视觉注意神经网络,,,,,,,,,,,,
枢轴语言,,,,,,,,,,,,,
数据增强,,,,,,,,,,,,,
衰减式生成对抗网络,,,,,,,,,,,,,
双U-Former,,,,,,,,,,,,,
双胞胎结构,,,,,,,,,,,,,
双编码器,,,,,,,,,,,,,
双并行残差网络,,,,,,,,,,,,,
双层注意力循环神经网络,,,,,,,,,,,,,
双尺度图像分解,,,,,,,,,,,,,
双对抗自编码器,,,,,,,,,,,,,
双分支GAN,,,,,,,,,,,,,
双分支残差,,,,,,,,,,,,,
双分支迭代,,,,,,,,,,,,,
双分支条件生成对抗网络,,,,,,,,,,,,,
双峰高斯分布,,,,,,,,,,,,,
双复数卷积注意聚合递归网络,,,,,,,,,,,,,
双阶注意力机制,,,,,,,,,,,,,
双流步态网络,,,,,,,,,,,,,
双流非局部残差网络,,,,,,,,,,,,,
双流结构,,,,,,,,,,,,,
双流特征融合,,,,,,,,,,,,,
双流网络,,,,,,,,,,,,,
双流网络,,,,,,,,,,,,,
双目视差回归,,,,,,,,,,,,,
双目视觉,,,,,,,,,,,,,
双视觉全卷积网络,,,,,,,,,,,,,
双随机相位加密,,,,,,,,,,,,,
双通道卷积神经网络,,,,,,,,,,,,,
双通道深度CNN,,,,,,,,,,,,,
双通道图神经网络,,,,,,,,,,,,,
双通道网络,,,,,,,,,,,,,
双通道语义差网络,,,,,,,,,,,,,
双微阵列,,,,,,,,,,,,,
双向动态交互网络,,,,,,,,,,,,,
双向门控循环单元,,,,,,,,,,,,,
双向循环生成对抗网络,,,,,,,,,,,,,
双向依存自注意力机制,,,,,,,,,,,,,
双向注意力机制,,,,,,,,,,,,,
双语词向量,,,,,,,,,,,,,
双域自注意力机制,,,,,,,,,,,,,
双支残差特征融合,,,,,,,,,,,,,
双重金字塔网络,,,,,,,,,,,,,
双重情感感知,,,,,,,,,,,,,
双重特征存储库,,,,,,,,,,,,,
双重注意力孪生网络,,,,,,,,,,,,,
双注意力,双注意力机制,,,,,,,,,,,,
双注意力机制信息蒸馏网络,,,,,,,,,,,,,
双自编码器,,,,,,,,,,,,,
四元数,,,,,,,,,,,,,
四元数格拉斯曼平均网络,,,,,,,,,,,,,
随机森林,,,,,,,,,,,,,
损失再平衡,,,,,,,,,,,,,
拓扑结构信息,,,,,,,,,,,,,
特征点,,,,,,,,,,,,,
特征对齐,,,,,,,,,,,,,
特征感知网络,,,,,,,,,,,,,
特征加强,,,,,,,,,,,,,
特征解耦,,,,,,,,,,,,,
特征金字塔网络,,,,,,,,,,,,,
特征扩展卷积神经网络,,,,,,,,,,,,,
特征融合,深度特征融合,,,,,,,,,,,,
特征融合,,,,,,,,,,,,,
特征融合-双向门控循环单元,,,,,,,,,,,,,
特征融合图注意网络,,,,,,,,,,,,,
特征双重蒸馏网络,,,,,,,,,,,,,
特征提取,,,,,,,,,,,,,
特征投影网络,,,,,,,,,,,,,
特征图切分,,,,,,,,,,,,,
特征推理,,,,,,,,,,,,,
特征选择,,,,,,,,,,,,,
特征选择,,,,,,,,,,,,,
特征学习,,,,,,,,,,,,,
特征组合,,,,,,,,,,,,,
梯度投影稀疏重构,,,,,,,,,,,,,
提示学习,,,,,,,,,,,,,
体素联合坐标,,,,,,,,,,,,,
体素模板,,,,,,,,,,,,,
条件对抗网络,,,,,,,,,,,,,
条件生成对抗网络,,,,,,,,,,,,,
条形池化,,,,,,,,,,,,,
通道,,,,,,,,,,,,,
通道多尺度融合,,,,,,,,,,,,,
通道互注意机制,,,,,,,,,,,,,
通道注意力,通道注意力机制,通道注意力反馈网络,,,,,,,,,,,
通道注意力,有效通道注意力,,,,,,,,,,,,
通道注意力机制,,,,,,,,,,,,,
同步正交匹配追踪,,,,,,,,,,,,,
同义推理,,,,,,,,,,,,,
统计,,,,,,,,,,,,,
统计特征,,,,,,,,,,,,,
头实体注意力,,,,,,,,,,,,,
投票机制,,,,,,,,,,,,,
凸包改进,,,,,,,,,,,,,
图标相似性分析,,,,,,,,,,,,,
图表示学习,,,,,,,,,,,,,
图残差网络,,,,,,,,,,,,,
图聚类,深度图聚类,,,,,,,,,,,,
图卷积,图卷积记忆网络,图卷积神经,,,,,,,,,,,
图卷积过度注意(ASGCN-AOA),,,,,,,,,,,,,
图模型,,,,,,,,,,,,,
图嵌入,,,,,,,,,,,,,
图神经网络,深度图神经网络,,,,,,,,,,,,
图神经网络,,,,,,,,,,,,,
图像,深度图像,,,,,,,,,,,,
图像分割,,,,,,,,,,,,,
图像生成,,,,,,,,,,,,,
图像特征注意力,,,,,,,,,,,,,
图像相似性,,,,,,,,,,,,,
图像修复,,,,,,,,,,,,,
图像语义,,,,,,,,,,,,,
图像增强,深度图像增强,,,,,,,,,,,,
图像增强,,,,,,,,,,,,,
图像增强,,,,,,,,,,,,,
图像注意力,,,,,,,,,,,,,
图像自动语句标注,,,图卷积神经网络,图卷积网络,,,,,,,,,
图预处理,深度图预处理,,,,,,,,,,,,
图注意力卷积神经网络,,,,,,,,,,,,,
图注意力时空神经网络,,,,,,,,,,,,,
图注意力网络,,,,,,,,,,,,,
退化特征增强,,,,,,,,,,,,,
外部知识,,,,,,,,,,,,,
网格多密度,,,,,,,,,,,,,
网格注意力机制,,,,,,,,,,,,,
网络,深度网络,,,,,,,,,,,,
网络集成,,,,,,,,,,,,,
伪标签生成,,,,,,,,,,,,,
卫星云图,,,,,,,,,,,,,
文本注意力机制,,,,,,,,,,,,,
稳健词素序列,,,,,,,,,,,,,
沃尔什变换,,,,,,,,,,,,,
无监督集成聚类,,,,,,,,,,,,,
稀疏表示,,,,,,,,,,,,,
稀疏点云偏序关系,,,,,,,,,,,,,
稀疏卷积,,,,,,,,,,,,,
稀疏注意力,,,,,,,,,,,,,
细节感知,,,,,,,,,,,,,
细节显著图解析,,,,,,,,,,,,,
细粒度视觉特征,,,,,,,,,,,,,
细粒度信息挖掘,,,,,,,,,,,,,
相对注意力,,,,,,,,,,,,,
相关滤波,,,,,,,,,,,,,
相关性蒸馏,,,,,,,,,,,,,
相似度矩阵增强,,,,,,,,,,,,,
向量分区模型,,,,,,,,,,,,,
像素结构相似度,,,,,,,,,,,,,
小波变换,,,,,,,,,,,,,
小波特征,,,,,,,,,,,,,
小波网络,深度小波网络,,,,,,,,,,,,
小波域卷积稀疏编码,,,,,,,,,,,,,
协同表示,,,,,,,,,,,,,
协同过滤,,,,,,,,,,,,,
协同注意力,,,,,,,,,,,,,
协同自编码器,,,,,,,,,,,,,
信念网络,深度信念网络,,,,,,,,,,,,
信息反传,,,,,,,,,,,,,
信息压缩,,,,,,,,,,,,,
信息蒸馏,,,,,,,,,,,,,
形态学滤波,,,,,,,,,,,,,
形状上下文,,,,,,,,,,,,,
序贯三支决策,,,,,,,,,,,,,
序列模型,序列,序列学习,,,,,,,,,,,
序列图模型,,,,,,,,,,,,,
选择性卷积特征融合,,,,,,,,,,,,,
学习网络,,,,,,,,,,,,,
循环残差卷积神经网络,,,,,,,,,,,,,
循环残差跳连结构,,,,,,,,,,,,,
循环卷积神经网络,,,,,,,,,,,,,
循环神经网络,循环网络,,,,,,,,,,,,
循环实体网络,,,,,,,,,,,,,
循环训练法,,,,,,,,,,,,,
压缩感知,,,,,,,,,,,,,
压缩提炼网络,,,,,,,,,,,,,
颜色概率模型,,,,,,,,,,,,,
颜色四通道,,,,,,,,,,,,,
一维卷积,一维卷积混合神经网络,一维卷积神经网络,,,,,,,,,,,
依存关系,,,,,,,,,,,,,
依存句法,,,,,,,,,,,,,
依存图网络,,,,,,,,,,,,,
遗传变异,,,,,,,,,,,,,
遗传算法,遗传算法选优的集成手段,,,,,,,,,,,,
蚁群算法,蚁群,,,,,,,,,,,,
异构二部图,,,,,,,,,,,,,
异质图神经网络,,,,,,,,,,,,,
异质网络表示学习,,,,,,,,,,,,,
引导滤波,,,,,,,,,,,,,
隐马尔可夫模型,,,,,,,,,,,,,
萤火虫方法,,,,,,,,,,,,,
用户画像,,,,,,,,,,,,,
优化LSTM模型,,,,,,,,,,,,,
优化变分模态分解,,,,,,,,,,,,,
优化插值,,,,,,,,,,,,,
优化卷积神经网络,,,,,,,,,,,,,
优化蚁群算法,,,,,,,,,,,,,
游标模型,,,,,,,,,,,,,
语法距离,,,,,,,,,,,,,
语法依存图,,,,,,,,,,,,,
语句融合,,,,,,,,,,,,,
语句特征融合,,,,,,,,,,,,,
语料库特征,,,,,,,,,,,,,
语言模型词嵌入,,,,,,,,,,,,,
语言知识库,,,,,,,,,,,,,
语义标签,,,,,,,,,,,,,
语义分割,,,,,,,,,,,,,
语义规则,,,,,,,,,,,,,
语义空间距离,,,,,,,,,,,,,
语义属性,,,,,,,,,,,,,
语义树,,,,,,,,,,,,,
语义伪标签,,,,,,,,,,,,,
语义引导自注意力网络,,,,,,,,,,,,,
语义知识,,,,,,,,,,,,,
语义置信嵌入,,,,,,,,,,,,,
语义自编码,,,,,,,,,,,,,
预训练,预训练模型,预训练语言模型,,,,,,,,,,,
元特征二次重加权,,,,,,,,,,,,,
元学习,,,,,,,,,,,,,
原型网络,,,,,,,,,,,,,
远程监督,,,,,,,,,,,,,
运动分解,,,,,,,,,,,,,
运动特征,,,,,,,,,,,,,
噪声标签学习,,,,,,,,,,,,,
噪声抵消,,,,,,,,,,,,,
噪声先验,,,,,,,,,,,,,
增强特征融合网络,,,,,,,,,,,,,
增强语义双解码器生成,,,,,,,,,,,,,
栈卷积神经网络,,,,,,,,,,,,,
长-短时序特征融合,,,,,,,,,,,,,
长距离依赖编码,,,,,,,,,,,,,
正负锚点框均衡,,,,,,,,,,,,,
正面化形变场学习,,,,,,,,,,,,,
知识拷贝机制,,,,,,,,,,,,,
知识图偏好注意力网络,,,,,,,,,,,,,
知识图谱,医疗知识图谱,知识图谱驱动,知识图谱邻居双端,,,,,,,,,,
知识蒸馏,,,,,,,,,,,,,
指针网络,,,,,,,,,,,,,
中心邻域金字塔结构,深度中心邻域金字塔结构,,,,,,,,,,,,
重检测,,,,,,,,,,,,,
重解码,,,,,,,,,,,,,
重启随机游走,,,,,,,,,,,,,
重影特征映射,,,,,,,,,,,,,
逐点特征匹配,,,,,,,,,,,,,
主成分分析,,,,,,,,,,,,,
主成分分析卷积自编码器,,,,,,,,,,,,,
主动判别机制,,,,,,,,,,,,,
主动学习,,,,,,,,,,,,,
主题模型,主题,,,,,,,,,,,,
主题信息,,,,,,,,,,,,,
注意机制,,,,,,,,,,,,,
注意金字塔,,,,,,,,,,,,,
注意力LSTM,,,,,,,,,,,,,
注意力残差网络,,,,,,,,,,,,,
注意力特征金字塔,,,,,,,,,,,,,
注意力机制编码器-解码器,,,,,,,,,,,,,
注意力交叉注意力,,,,,,,,,,,,,
柱搜索,,,,,,,,,,,,,
转移神经网络,,,,,,,,,,,,,
姿态估计,,,,,,,,,,,,,
子词级别词向量,,,,,,,,,,,,,
子词嵌入,,,,,,,,,,,,,
子空间传播,,,,,,,,,,,,,
自编码,自编码器,自动编码器,,,,,,,,,,,
自回归模型,,,,,,,,,,,,,
自监督边缘融合网络,,,,,,,,,,,,,
自监督对比学习,,,,,,,,,,,,,
自监督学习,,,,,,,,,,,,,
自监督训练,,,,,,,,,,,,,
自监督知识迁移,,,,,,,,,,,,,
自生成深度神经网络,,,,,,,,,,,,,
自适应记忆性融合网络,,,,,,,,,,,,,
自适应卷积,,,,,,,,,,,,,
自适应空间特征融合,,,,,,,,,,,,,
自适应蒙皮变形,,,,,,,,,,,,,
自适应生成对抗,,,,,,,,,,,,,
自适应梯度稀疏模型,,,,,,,,,,,,,
自适应小波变换,,,,,,,,,,,,,
自注意力,自注意机制,自注意力机制,自适应注意力,自适应注意力机制,自注意力网络,自注意力学习,,,,,,,
自注意力BLSTM,,,,,,,,,,,,,
自注意力机制GAN,,,,,,,,,,,,,
自注意力连接Unet,,,,,,,,,,,,,
自注意力门控图卷积网络,,,,,,,,,,,,,
自注意力图池化,,,,,,,,,,,,,
自注意力长短期记忆网络,,,,,,,,,,,,,
字典学习,字典学习,,,,,,,,,,,,
字符卷积神经网络,,,,,,,,,,,,,
字符注意力机制,,,,,,,,,,,,,
字嵌入,,,,,,,,,,,,,
字形特征,,,,,,,,,,,,,
最短依存路径,,,,,,,,,,,,,
最小生成树,,,,,,,,,,,,,
佐证图神经网络,,,,,,,,,,,,,
